id;title;content;publish_date;view_count
1;Integration;Avon Cambridgeshire;2022-10-20;48738
2;Savings task-force;payment;2022-10-20;4907
3;quantify Licensed Pennsylvania;input withdrawal;2022-10-20;64511
4;Canyon bypassing;Gloves connect;2022-10-21;38572
5;Concrete Montserrat Balboa;contingency;2022-10-20;67921
6;JBOD payment Profound;website;2022-10-21;67370
7;Handmade;multi-byte monitor;2022-10-21;87552
8;Bedfordshire;multi-byte Puerto Planner;2022-10-20;86024
9;Shirt;SCSI Pants state;2022-10-21;68240
10;methodologies application generating;Shoes Fresh Buckinghamshire;2022-10-20;86432
